CryptoName,Min,Max
Bitcoin,2933.0,68579.195
Cardano,0.02099,3.0835
Binance Coin,1.4304,680.98
Dogecoin,0.00137105,0.727025
Ethereum,82.53,4846.495
Paxgold,1611.5,2060.5
Ripple,0.12396,1.918065
Solana,1.19115,257.28
Tron,0.00806,0.173865
