CryptoName,Mean,Std
Bitcoin,20608.443031582523,15814.280626688578
